{
  "lang":"en",
  "name":"pipeline",
  "version":"0.0.0",
  "spacy_version":">=3.2.4,<3.3.0",
  "description":"",
  "author":"",
  "email":"",
  "url":"",
  "license":"",
  "spacy_git_version":"b50fe5ec6",
  "vectors":{
    "width":0,
    "vectors":0,
    "keys":0,
    "name":null,
    "mode":"default"
  },
  "labels":{
    "tok2vec":[

    ],
    "ner":[
      "Amenity",
      "Cuisine",
      "Dish",
      "Hours",
      "Location",
      "Price",
      "Rating",
      "Restaurant_Name"
    ]
  },
  "pipeline":[
    "tok2vec",
    "ner"
  ],
  "components":[
    "tok2vec",
    "ner"
  ],
  "disabled":[

  ],
  "performance":{
    "ents_f":0.7920118972,
    "ents_p":0.804835924,
    "ents_r":0.7795901297,
    "ents_per_type":{
      "Rating":{
        "p":0.7584745763,
        "r":0.8248847926,
        "f":0.7902869757
      },
      "Cuisine":{
        "p":0.8144329897,
        "r":0.8381962865,
        "f":0.8261437908
      },
      "Dish":{
        "p":0.7425474255,
        "r":0.7267904509,
        "f":0.7345844504
      },
      "Location":{
        "p":0.8587479936,
        "r":0.8243451464,
        "f":0.8411949686
      },
      "Hours":{
        "p":0.8074074074,
        "r":0.7266666667,
        "f":0.7649122807
      },
      "Price":{
        "p":0.872,
        "r":0.8257575758,
        "f":0.8482490272
      },
      "Amenity":{
        "p":0.6996197719,
        "r":0.6366782007,
        "f":0.6666666667
      },
      "Restaurant_Name":{
        "p":0.8926553672,
        "r":0.79,
        "f":0.8381962865
      }
    },
    "tok2vec_loss":2583.7980566342,
    "ner_loss":7196.0027846945
  }
}