{
  "lang":"en",
  "name":"pipeline",
  "version":"0.0.0",
  "spacy_version":">=3.2.4,<3.3.0",
  "description":"",
  "author":"",
  "email":"",
  "url":"",
  "license":"",
  "spacy_git_version":"b50fe5ec6",
  "vectors":{
    "width":0,
    "vectors":0,
    "keys":0,
    "name":null,
    "mode":"default"
  },
  "labels":{
    "tok2vec":[

    ],
    "ner":[
      "Amenity",
      "Cuisine",
      "Dish",
      "Hours",
      "Location",
      "Price",
      "Rating",
      "Restaurant_Name"
    ]
  },
  "pipeline":[
    "tok2vec",
    "ner"
  ],
  "components":[
    "tok2vec",
    "ner"
  ],
  "disabled":[

  ],
  "performance":{
    "ents_f":0.7749734889,
    "ents_p":0.7861445783,
    "ents_r":0.7641154329,
    "ents_per_type":{
      "Rating":{
        "p":0.7366071429,
        "r":0.7603686636,
        "f":0.7482993197
      },
      "Cuisine":{
        "p":0.7875647668,
        "r":0.8063660477,
        "f":0.7968545216
      },
      "Dish":{
        "p":0.7113924051,
        "r":0.7453580902,
        "f":0.7279792746
      },
      "Location":{
        "p":0.8535031847,
        "r":0.8258859784,
        "f":0.839467502
      },
      "Hours":{
        "p":0.8319327731,
        "r":0.66,
        "f":0.7360594796
      },
      "Price":{
        "p":0.928,
        "r":0.8787878788,
        "f":0.9027237354
      },
      "Amenity":{
        "p":0.6640926641,
        "r":0.5951557093,
        "f":0.6277372263
      },
      "Restaurant_Name":{
        "p":0.8191489362,
        "r":0.77,
        "f":0.793814433
      }
    },
    "tok2vec_loss":4079.0559809195,
    "ner_loss":4203.8107805537
  }
}